Engine_ID,Actual_RUL,Predicted_RUL,Error,Absolute_Error,Status
1,112,203.501,-91.50100708007812,91.50100708007812,🟢 HEALTHY
2,98,148.65681,-50.65681457519531,50.65681457519531,🟢 HEALTHY
3,69,53.032295,15.967704772949219,15.967704772949219,🟢 HEALTHY
4,82,74.58191,7.4180908203125,7.4180908203125,🟢 HEALTHY
5,91,120.03519,-29.035186767578125,29.035186767578125,🟢 HEALTHY
6,93,104.89954,-11.899543762207031,11.899543762207031,🟢 HEALTHY
7,91,131.48083,-40.4808349609375,40.4808349609375,🟢 HEALTHY
8,95,79.31377,15.686233520507812,15.686233520507812,🟢 HEALTHY
9,111,152.54771,-41.54771423339844,41.54771423339844,🟢 HEALTHY
10,96,125.8284,-29.828399658203125,29.828399658203125,🟢 HEALTHY
11,97,111.00359,-14.003593444824219,14.003593444824219,🟢 HEALTHY
12,124,107.570435,16.4295654296875,16.4295654296875,🟢 HEALTHY
13,95,134.60533,-39.60533142089844,39.60533142089844,🟢 HEALTHY
14,107,145.49309,-38.49308776855469,38.49308776855469,🟢 HEALTHY
15,83,159.762,-76.76199340820312,76.76199340820312,🟢 HEALTHY
16,84,109.322075,-25.32207489013672,25.32207489013672,🟢 HEALTHY
17,50,48.37432,1.6256790161132812,1.6256790161132812,🟡 WARNING
18,28,63.1075,-35.10749816894531,35.10749816894531,🟢 HEALTHY
19,87,136.16032,-49.16032409667969,49.16032409667969,🟢 HEALTHY
20,16,15.840596,0.15940380096435547,0.15940380096435547,🔴 CRITICAL
21,57,72.99318,-15.993179321289062,15.993179321289062,🟢 HEALTHY
22,111,145.34631,-34.3463134765625,34.3463134765625,🟢 HEALTHY
23,113,173.32849,-60.3284912109375,60.3284912109375,🟢 HEALTHY
24,20,20.276146,-0.27614593505859375,0.27614593505859375,🟡 WARNING
25,145,168.31616,-23.316162109375,23.316162109375,🟢 HEALTHY
26,119,121.18544,-2.1854400634765625,2.1854400634765625,🟢 HEALTHY
27,66,109.27104,-43.27104187011719,43.27104187011719,🟢 HEALTHY
28,97,98.06635,-1.0663528442382812,1.0663528442382812,🟢 HEALTHY
29,90,106.10357,-16.10356903076172,16.10356903076172,🟢 HEALTHY
30,115,64.20229,50.797706604003906,50.797706604003906,🟢 HEALTHY
31,8,11.70734,-3.7073402404785156,3.7073402404785156,🔴 CRITICAL
32,48,45.638947,2.361053466796875,2.361053466796875,🟡 WARNING
33,106,148.26743,-42.267425537109375,42.267425537109375,🟢 HEALTHY
34,7,6.4262156,0.573784351348877,0.573784351348877,🔴 CRITICAL
35,11,10.72913,0.2708702087402344,0.2708702087402344,🔴 CRITICAL
36,19,17.342255,1.657745361328125,1.657745361328125,🔴 CRITICAL
37,21,65.6368,-44.636802673339844,44.636802673339844,🟢 HEALTHY
38,50,40.83561,9.164390563964844,9.164390563964844,🟡 WARNING
39,142,153.97528,-11.97528076171875,11.97528076171875,🟢 HEALTHY
40,28,24.861837,3.138162612915039,3.138162612915039,🟡 WARNING
41,18,53.451332,-35.451332092285156,35.451332092285156,🟢 HEALTHY
42,10,21.180136,-11.180135726928711,11.180135726928711,🟡 WARNING
43,59,54.707294,4.292705535888672,4.292705535888672,🟢 HEALTHY
44,109,148.61551,-39.615509033203125,39.615509033203125,🟢 HEALTHY
45,114,62.565357,51.43464279174805,51.43464279174805,🟢 HEALTHY
46,47,43.62117,3.3788299560546875,3.3788299560546875,🟡 WARNING
47,135,114.58376,20.416236877441406,20.416236877441406,🟢 HEALTHY
48,92,132.4902,-40.490203857421875,40.490203857421875,🟢 HEALTHY
49,21,20.52899,0.4710102081298828,0.4710102081298828,🟡 WARNING
50,79,114.90953,-35.90953063964844,35.90953063964844,🟢 HEALTHY
51,114,67.25724,46.742759704589844,46.742759704589844,🟢 HEALTHY
52,29,39.478893,-10.478893280029297,10.478893280029297,🟡 WARNING
53,26,33.40519,-7.405189514160156,7.405189514160156,🟡 WARNING
54,97,128.08365,-31.083648681640625,31.083648681640625,🟢 HEALTHY
55,137,139.65033,-2.65032958984375,2.65032958984375,🟢 HEALTHY
56,15,11.574215,3.4257850646972656,3.4257850646972656,🔴 CRITICAL
57,103,69.45358,33.546417236328125,33.546417236328125,🟢 HEALTHY
58,37,37.68555,-0.6855506896972656,0.6855506896972656,🟡 WARNING
59,114,171.05814,-57.058135986328125,57.058135986328125,🟢 HEALTHY
60,100,76.6334,23.366600036621094,23.366600036621094,🟢 HEALTHY
61,21,40.486156,-19.486156463623047,19.486156463623047,🟡 WARNING
62,54,56.101433,-2.1014328002929688,2.1014328002929688,🟢 HEALTHY
63,72,53.148403,18.85159683227539,18.85159683227539,🟢 HEALTHY
64,28,32.25166,-4.251659393310547,4.251659393310547,🟡 WARNING
65,128,175.298,-47.298004150390625,47.298004150390625,🟢 HEALTHY
66,14,13.542977,0.45702266693115234,0.45702266693115234,🔴 CRITICAL
67,77,176.52061,-99.52061462402344,99.52061462402344,🟢 HEALTHY
68,8,11.930904,-3.9309043884277344,3.9309043884277344,🔴 CRITICAL
69,121,138.39056,-17.39056396484375,17.39056396484375,🟢 HEALTHY
70,94,75.12587,18.874130249023438,18.874130249023438,🟢 HEALTHY
71,118,161.79141,-43.791412353515625,43.791412353515625,🟢 HEALTHY
72,50,70.52177,-20.521766662597656,20.521766662597656,🟢 HEALTHY
73,131,150.89021,-19.890213012695312,19.890213012695312,🟢 HEALTHY
74,126,69.37293,56.62706756591797,56.62706756591797,🟢 HEALTHY
75,113,151.3402,-38.34019470214844,38.34019470214844,🟢 HEALTHY
76,10,7.4139576,2.5860424041748047,2.5860424041748047,🔴 CRITICAL
77,34,41.70937,-7.709369659423828,7.709369659423828,🟡 WARNING
78,107,191.51155,-84.51155090332031,84.51155090332031,🟢 HEALTHY
79,63,99.5239,-36.523902893066406,36.523902893066406,🟢 HEALTHY
80,90,82.84812,7.151878356933594,7.151878356933594,🟢 HEALTHY
81,8,6.6641397,1.335860252380371,1.335860252380371,🔴 CRITICAL
82,9,12.898018,-3.8980178833007812,3.8980178833007812,🔴 CRITICAL
83,137,126.34812,10.651878356933594,10.651878356933594,🟢 HEALTHY
84,58,47.763752,10.236248016357422,10.236248016357422,🟡 WARNING
85,118,173.40988,-55.409881591796875,55.409881591796875,🟢 HEALTHY
86,89,109.0554,-20.055397033691406,20.055397033691406,🟢 HEALTHY
87,116,116.11383,-0.11383056640625,0.11383056640625,🟢 HEALTHY
88,115,148.86806,-33.86805725097656,33.86805725097656,🟢 HEALTHY
89,136,98.99987,37.00012969970703,37.00012969970703,🟢 HEALTHY
90,28,21.724503,6.2754974365234375,6.2754974365234375,🟡 WARNING
91,38,22.946846,15.053153991699219,15.053153991699219,🟡 WARNING
92,20,15.4135475,4.586452484130859,4.586452484130859,🔴 CRITICAL
93,85,43.005276,41.99472427368164,41.99472427368164,🟡 WARNING
94,55,55.93498,-0.9349784851074219,0.9349784851074219,🟢 HEALTHY
95,128,103.118515,24.881484985351562,24.881484985351562,🟢 HEALTHY
96,137,135.70683,1.2931671142578125,1.2931671142578125,🟢 HEALTHY
97,82,97.07857,-15.078567504882812,15.078567504882812,🟢 HEALTHY
98,59,73.419136,-14.419136047363281,14.419136047363281,🟢 HEALTHY
99,117,131.64105,-14.64105224609375,14.64105224609375,🟢 HEALTHY
100,20,17.268694,2.7313060760498047,2.7313060760498047,🔴 CRITICAL
